<?xml version='1.0' encoding='UTF-8'?>
<GateDocument version="3">
<!-- The document's features-->

<GateDocumentFeatures>
<Feature>
  <Name className="java.lang.String">gate.SourceURL</Name>
  <Value className="java.lang.String">file:/C:/Users/mnavas/CODE/Annotador/annotador-core/src/main/resources/rules/HOURGLASS_RESULTS/test_input_XML/00008.tml</Value>
</Feature>
<Feature>
  <Name className="java.lang.String">MimeType</Name>
  <Value className="java.lang.String">text/xml</Value>
</Feature>
</GateDocumentFeatures>
<!-- The document content area with serialized nodes -->

<TextWithNodes><Node id="0"/>



<Node id="4"/>Ya lo veremos <Node id="18"/>pasado <Node id="25"/>mañana<Node id="31"/>.
<Node id="33"/>
<Node id="34"/>
<Node id="35"/></TextWithNodes>
<!-- The default annotation set -->

<AnnotationSet>
</AnnotationSet>

<!-- Named annotation set -->

<AnnotationSet Name="Heidel">
<Annotation Id="5" Type="TimeML" StartNode="0" EndNode="35">
<Feature>
  <Name className="java.lang.String">xsi:noNamespaceSchemaLocation</Name>
  <Value className="java.lang.String">http://timeml.org/timeMLdocs/TimeML_1.2.1.xsd</Value>
</Feature>
<Feature>
  <Name className="java.lang.String">xmlns:xsi</Name>
  <Value className="java.lang.String">http://www.w3.org/2001/XMLSchema-instance</Value>
</Feature>
</Annotation>
<Annotation Id="6" Type="TEXT" StartNode="4" EndNode="34">
</Annotation>
<Annotation Id="7" Type="TIMEX3" StartNode="18" EndNode="31">
<Feature>
  <Name className="java.lang.String">type</Name>
  <Value className="java.lang.String">TIME</Value>
</Feature>
<Feature>
  <Name className="java.lang.String">value</Name>
  <Value className="java.lang.String">2019-12-19TMO</Value>
</Feature>
<Feature>
  <Name className="java.lang.String">tid</Name>
  <Value className="java.lang.String">t2</Value>
</Feature>
</Annotation>
</AnnotationSet>

<!-- Named annotation set -->

<AnnotationSet Name="Original markups">
<Annotation Id="0" Type="TimeML" StartNode="0" EndNode="35">
<Feature>
  <Name className="java.lang.String">xsi:noNamespaceSchemaLocation</Name>
  <Value className="java.lang.String">http://timeml.org/timeMLdocs/TimeML_1.2.1.xsd</Value>
</Feature>
<Feature>
  <Name className="java.lang.String">xmlns:xsi</Name>
  <Value className="java.lang.String">http://www.w3.org/2001/XMLSchema-instance</Value>
</Feature>
</Annotation>
<Annotation Id="1" Type="TEXT" StartNode="4" EndNode="33">
</Annotation>
</AnnotationSet>

<!-- Named annotation set -->

<AnnotationSet Name="Annotador">
<Annotation Id="2" Type="TimeML" StartNode="0" EndNode="35">
<Feature>
  <Name className="java.lang.String">xsi:noNamespaceSchemaLocation</Name>
  <Value className="java.lang.String">http://timeml.org/timeMLdocs/TimeML_1.2.1.xsd</Value>
</Feature>
<Feature>
  <Name className="java.lang.String">xmlns:xsi</Name>
  <Value className="java.lang.String">http://www.w3.org/2001/XMLSchema-instance</Value>
</Feature>
</Annotation>
<Annotation Id="3" Type="TEXT" StartNode="4" EndNode="33">
</Annotation>
<Annotation Id="4" Type="TIMEX3" StartNode="18" EndNode="31">
<Feature>
  <Name className="java.lang.String">type</Name>
  <Value className="java.lang.String">DATE</Value>
</Feature>
<Feature>
  <Name className="java.lang.String">value</Name>
  <Value className="java.lang.String">2019-12-22</Value>
</Feature>
<Feature>
  <Name className="java.lang.String">tid</Name>
  <Value className="java.lang.String">t1</Value>
</Feature>
</Annotation>
</AnnotationSet>

<!-- Named annotation set -->

<AnnotationSet Name="SUTime">
<Annotation Id="8" Type="TimeML" StartNode="0" EndNode="35">
<Feature>
  <Name className="java.lang.String">xsi:noNamespaceSchemaLocation</Name>
  <Value className="java.lang.String">http://timeml.org/timeMLdocs/TimeML_1.2.1.xsd</Value>
</Feature>
<Feature>
  <Name className="java.lang.String">xmlns:xsi</Name>
  <Value className="java.lang.String">http://www.w3.org/2001/XMLSchema-instance</Value>
</Feature>
</Annotation>
<Annotation Id="9" Type="TEXT" StartNode="4" EndNode="33">
</Annotation>
<Annotation Id="10" Type="TIMEX3" StartNode="25" EndNode="31">
<Feature>
  <Name className="java.lang.String">type</Name>
  <Value className="java.lang.String">DATE</Value>
</Feature>
<Feature>
  <Name className="java.lang.String">value</Name>
  <Value className="java.lang.String">2019-12-21</Value>
</Feature>
<Feature>
  <Name className="java.lang.String">tid</Name>
  <Value className="java.lang.String">t0</Value>
</Feature>
</Annotation>
</AnnotationSet>

<!-- Named annotation set -->

<AnnotationSet Name="Result">
<Annotation Id="11" Type="TimeML" StartNode="0" EndNode="35">
<Feature>
  <Name className="java.lang.String">xsi:noNamespaceSchemaLocation</Name>
  <Value className="java.lang.String">http://timeml.org/timeMLdocs/TimeML_1.2.1.xsd</Value>
</Feature>
<Feature>
  <Name className="java.lang.String">xmlns:xsi</Name>
  <Value className="java.lang.String">http://www.w3.org/2001/XMLSchema-instance</Value>
</Feature>
</Annotation>
<Annotation Id="12" Type="TEXT" StartNode="4" EndNode="33">
</Annotation>
<Annotation Id="13" Type="TIMEX3" StartNode="18" EndNode="31">
<Feature>
  <Name className="java.lang.String">type</Name>
  <Value className="java.lang.String">DATE</Value>
</Feature>
<Feature>
  <Name className="java.lang.String">value</Name>
  <Value className="java.lang.String">2019-12-22</Value>
</Feature>
<Feature>
  <Name className="java.lang.String">tid</Name>
  <Value className="java.lang.String">t1</Value>
</Feature>
</Annotation>
</AnnotationSet>

</GateDocument>
