<?xml version='1.0' encoding='UTF-8'?>
<GateDocument version="3">
<!-- The document's features-->

<GateDocumentFeatures>
<Feature>
  <Name className="java.lang.String">gate.SourceURL</Name>
  <Value className="java.lang.String">file:/C:/Users/mnavas/CODE/Annotador/annotador-core/src/main/resources/rules/HOURGLASS_RESULTS/test_input_XML/00032.tml</Value>
</Feature>
<Feature>
  <Name className="java.lang.String">MimeType</Name>
  <Value className="java.lang.String">text/xml</Value>
</Feature>
</GateDocumentFeatures>
<!-- The document content area with serialized nodes -->

<TextWithNodes><Node id="0"/>



<Node id="4"/>El futuro<Node id="13"/> nos depara algo <Node id="30"/>futuro<Node id="36"/>, igual que a su <Node id="53"/>futuro<Node id="59"/> hijo.
<Node id="66"/>
<Node id="67"/>
<Node id="68"/></TextWithNodes>
<!-- The default annotation set -->

<AnnotationSet>
</AnnotationSet>

<!-- Named annotation set -->

<AnnotationSet Name="Heidel">
<Annotation Id="6" Type="TimeML" StartNode="0" EndNode="68">
<Feature>
  <Name className="java.lang.String">xsi:noNamespaceSchemaLocation</Name>
  <Value className="java.lang.String">http://timeml.org/timeMLdocs/TimeML_1.2.1.xsd</Value>
</Feature>
<Feature>
  <Name className="java.lang.String">xmlns:xsi</Name>
  <Value className="java.lang.String">http://www.w3.org/2001/XMLSchema-instance</Value>
</Feature>
</Annotation>
<Annotation Id="7" Type="TEXT" StartNode="4" EndNode="67">
</Annotation>
<Annotation Id="8" Type="TIMEX3" StartNode="4" EndNode="13">
<Feature>
  <Name className="java.lang.String">type</Name>
  <Value className="java.lang.String">DATE</Value>
</Feature>
<Feature>
  <Name className="java.lang.String">value</Name>
  <Value className="java.lang.String">FUTURE_REF</Value>
</Feature>
<Feature>
  <Name className="java.lang.String">tid</Name>
  <Value className="java.lang.String">t1</Value>
</Feature>
</Annotation>
</AnnotationSet>

<!-- Named annotation set -->

<AnnotationSet Name="Original markups">
<Annotation Id="0" Type="TimeML" StartNode="0" EndNode="68">
<Feature>
  <Name className="java.lang.String">xsi:noNamespaceSchemaLocation</Name>
  <Value className="java.lang.String">http://timeml.org/timeMLdocs/TimeML_1.2.1.xsd</Value>
</Feature>
<Feature>
  <Name className="java.lang.String">xmlns:xsi</Name>
  <Value className="java.lang.String">http://www.w3.org/2001/XMLSchema-instance</Value>
</Feature>
</Annotation>
<Annotation Id="1" Type="TEXT" StartNode="4" EndNode="66">
</Annotation>
</AnnotationSet>

<!-- Named annotation set -->

<AnnotationSet Name="Annotador">
<Annotation Id="2" Type="TimeML" StartNode="0" EndNode="68">
<Feature>
  <Name className="java.lang.String">xsi:noNamespaceSchemaLocation</Name>
  <Value className="java.lang.String">http://timeml.org/timeMLdocs/TimeML_1.2.1.xsd</Value>
</Feature>
<Feature>
  <Name className="java.lang.String">xmlns:xsi</Name>
  <Value className="java.lang.String">http://www.w3.org/2001/XMLSchema-instance</Value>
</Feature>
</Annotation>
<Annotation Id="3" Type="TEXT" StartNode="4" EndNode="66">
</Annotation>
<Annotation Id="4" Type="TIMEX3" StartNode="30" EndNode="36">
<Feature>
  <Name className="java.lang.String">type</Name>
  <Value className="java.lang.String">DATE</Value>
</Feature>
<Feature>
  <Name className="java.lang.String">value</Name>
  <Value className="java.lang.String">FUTURE_REF</Value>
</Feature>
<Feature>
  <Name className="java.lang.String">tid</Name>
  <Value className="java.lang.String">t1</Value>
</Feature>
</Annotation>
<Annotation Id="5" Type="TIMEX3" StartNode="53" EndNode="59">
<Feature>
  <Name className="java.lang.String">type</Name>
  <Value className="java.lang.String">DATE</Value>
</Feature>
<Feature>
  <Name className="java.lang.String">value</Name>
  <Value className="java.lang.String">FUTURE_REF</Value>
</Feature>
<Feature>
  <Name className="java.lang.String">tid</Name>
  <Value className="java.lang.String">t2</Value>
</Feature>
</Annotation>
</AnnotationSet>

<!-- Named annotation set -->

<AnnotationSet Name="SUTime">
<Annotation Id="9" Type="TimeML" StartNode="0" EndNode="68">
<Feature>
  <Name className="java.lang.String">xsi:noNamespaceSchemaLocation</Name>
  <Value className="java.lang.String">http://timeml.org/timeMLdocs/TimeML_1.2.1.xsd</Value>
</Feature>
<Feature>
  <Name className="java.lang.String">xmlns:xsi</Name>
  <Value className="java.lang.String">http://www.w3.org/2001/XMLSchema-instance</Value>
</Feature>
</Annotation>
<Annotation Id="10" Type="TEXT" StartNode="4" EndNode="66">
</Annotation>
</AnnotationSet>

<!-- Named annotation set -->

<AnnotationSet Name="Result">
<Annotation Id="11" Type="TimeML" StartNode="0" EndNode="68">
<Feature>
  <Name className="java.lang.String">xsi:noNamespaceSchemaLocation</Name>
  <Value className="java.lang.String">http://timeml.org/timeMLdocs/TimeML_1.2.1.xsd</Value>
</Feature>
<Feature>
  <Name className="java.lang.String">xmlns:xsi</Name>
  <Value className="java.lang.String">http://www.w3.org/2001/XMLSchema-instance</Value>
</Feature>
</Annotation>
<Annotation Id="12" Type="TEXT" StartNode="4" EndNode="66">
</Annotation>
<Annotation Id="13" Type="TIMEX3" StartNode="4" EndNode="13">
<Feature>
  <Name className="java.lang.String">type</Name>
  <Value className="java.lang.String">DATE</Value>
</Feature>
<Feature>
  <Name className="java.lang.String">value</Name>
  <Value className="java.lang.String">FUTURE_REF</Value>
</Feature>
<Feature>
  <Name className="java.lang.String">tid</Name>
  <Value className="java.lang.String">t1</Value>
</Feature>
</Annotation>
<Annotation Id="14" Type="TIMEX3" StartNode="30" EndNode="36">
<Feature>
  <Name className="java.lang.String">type</Name>
  <Value className="java.lang.String">DATE</Value>
</Feature>
<Feature>
  <Name className="java.lang.String">value</Name>
  <Value className="java.lang.String">FUTURE_REF</Value>
</Feature>
<Feature>
  <Name className="java.lang.String">tid</Name>
  <Value className="java.lang.String">t2</Value>
</Feature>
</Annotation>
<Annotation Id="15" Type="TIMEX3" StartNode="53" EndNode="59">
<Feature>
  <Name className="java.lang.String">type</Name>
  <Value className="java.lang.String">DATE</Value>
</Feature>
<Feature>
  <Name className="java.lang.String">value</Name>
  <Value className="java.lang.String">FUTURE_REF</Value>
</Feature>
<Feature>
  <Name className="java.lang.String">tid</Name>
  <Value className="java.lang.String">t3</Value>
</Feature>
</Annotation>
</AnnotationSet>

</GateDocument>
