<?xml version='1.0' encoding='UTF-8'?>
<GateDocument version="3">
<!-- The document's features-->

<GateDocumentFeatures>
<Feature>
  <Name className="java.lang.String">gate.SourceURL</Name>
  <Value className="java.lang.String">file:/C:/Users/mnavas/CODE/Annotador/annotador-core/src/main/resources/rules/HOURGLASS_RESULTS/test_input_XML/00070.tml</Value>
</Feature>
<Feature>
  <Name className="java.lang.String">MimeType</Name>
  <Value className="java.lang.String">text/xml</Value>
</Feature>
</GateDocumentFeatures>
<!-- The document content area with serialized nodes -->

<TextWithNodes><Node id="0"/>



<Node id="4"/>Ampliaron el horario de <Node id="28"/>tres<Node id="32"/> a <Node id="35"/>cinco horas<Node id="46"/> de atención al público.
<Node id="71"/>
<Node id="72"/>
<Node id="73"/></TextWithNodes>
<!-- The default annotation set -->

<AnnotationSet>
</AnnotationSet>

<!-- Named annotation set -->

<AnnotationSet Name="Heidel">
<Annotation Id="6" Type="TimeML" StartNode="0" EndNode="73">
<Feature>
  <Name className="java.lang.String">xsi:noNamespaceSchemaLocation</Name>
  <Value className="java.lang.String">http://timeml.org/timeMLdocs/TimeML_1.2.1.xsd</Value>
</Feature>
<Feature>
  <Name className="java.lang.String">xmlns:xsi</Name>
  <Value className="java.lang.String">http://www.w3.org/2001/XMLSchema-instance</Value>
</Feature>
</Annotation>
<Annotation Id="7" Type="TEXT" StartNode="4" EndNode="72">
</Annotation>
<Annotation Id="8" Type="TIMEX3" StartNode="28" EndNode="32">
<Feature>
  <Name className="java.lang.String">type</Name>
  <Value className="java.lang.String">DURATION</Value>
</Feature>
<Feature>
  <Name className="java.lang.String">value</Name>
  <Value className="java.lang.String">P3H</Value>
</Feature>
<Feature>
  <Name className="java.lang.String">tid</Name>
  <Value className="java.lang.String">t2</Value>
</Feature>
</Annotation>
<Annotation Id="9" Type="TIMEX3" StartNode="35" EndNode="46">
<Feature>
  <Name className="java.lang.String">type</Name>
  <Value className="java.lang.String">DURATION</Value>
</Feature>
<Feature>
  <Name className="java.lang.String">value</Name>
  <Value className="java.lang.String">PT5H</Value>
</Feature>
<Feature>
  <Name className="java.lang.String">tid</Name>
  <Value className="java.lang.String">t1</Value>
</Feature>
</Annotation>
</AnnotationSet>

<!-- Named annotation set -->

<AnnotationSet Name="Original markups">
<Annotation Id="0" Type="TimeML" StartNode="0" EndNode="73">
<Feature>
  <Name className="java.lang.String">xsi:noNamespaceSchemaLocation</Name>
  <Value className="java.lang.String">http://timeml.org/timeMLdocs/TimeML_1.2.1.xsd</Value>
</Feature>
<Feature>
  <Name className="java.lang.String">xmlns:xsi</Name>
  <Value className="java.lang.String">http://www.w3.org/2001/XMLSchema-instance</Value>
</Feature>
</Annotation>
<Annotation Id="1" Type="TEXT" StartNode="4" EndNode="71">
</Annotation>
</AnnotationSet>

<!-- Named annotation set -->

<AnnotationSet Name="Annotador">
<Annotation Id="2" Type="TimeML" StartNode="0" EndNode="73">
<Feature>
  <Name className="java.lang.String">xsi:noNamespaceSchemaLocation</Name>
  <Value className="java.lang.String">http://timeml.org/timeMLdocs/TimeML_1.2.1.xsd</Value>
</Feature>
<Feature>
  <Name className="java.lang.String">xmlns:xsi</Name>
  <Value className="java.lang.String">http://www.w3.org/2001/XMLSchema-instance</Value>
</Feature>
</Annotation>
<Annotation Id="3" Type="TEXT" StartNode="4" EndNode="71">
</Annotation>
<Annotation Id="4" Type="TIMEX3" StartNode="28" EndNode="32">
<Feature>
  <Name className="java.lang.String">type</Name>
  <Value className="java.lang.String">DURATION</Value>
</Feature>
<Feature>
  <Name className="java.lang.String">value</Name>
  <Value className="java.lang.String">PT3H</Value>
</Feature>
<Feature>
  <Name className="java.lang.String">tid</Name>
  <Value className="java.lang.String">t1</Value>
</Feature>
</Annotation>
<Annotation Id="5" Type="TIMEX3" StartNode="35" EndNode="46">
<Feature>
  <Name className="java.lang.String">type</Name>
  <Value className="java.lang.String">DURATION</Value>
</Feature>
<Feature>
  <Name className="java.lang.String">value</Name>
  <Value className="java.lang.String">PT5H</Value>
</Feature>
<Feature>
  <Name className="java.lang.String">tid</Name>
  <Value className="java.lang.String">t2</Value>
</Feature>
</Annotation>
</AnnotationSet>

<!-- Named annotation set -->

<AnnotationSet Name="SUTime">
<Annotation Id="10" Type="TimeML" StartNode="0" EndNode="73">
<Feature>
  <Name className="java.lang.String">xsi:noNamespaceSchemaLocation</Name>
  <Value className="java.lang.String">http://timeml.org/timeMLdocs/TimeML_1.2.1.xsd</Value>
</Feature>
<Feature>
  <Name className="java.lang.String">xmlns:xsi</Name>
  <Value className="java.lang.String">http://www.w3.org/2001/XMLSchema-instance</Value>
</Feature>
</Annotation>
<Annotation Id="11" Type="TEXT" StartNode="4" EndNode="71">
</Annotation>
</AnnotationSet>

<!-- Named annotation set -->

<AnnotationSet Name="Result">
<Annotation Id="12" Type="TimeML" StartNode="0" EndNode="73">
<Feature>
  <Name className="java.lang.String">xsi:noNamespaceSchemaLocation</Name>
  <Value className="java.lang.String">http://timeml.org/timeMLdocs/TimeML_1.2.1.xsd</Value>
</Feature>
<Feature>
  <Name className="java.lang.String">xmlns:xsi</Name>
  <Value className="java.lang.String">http://www.w3.org/2001/XMLSchema-instance</Value>
</Feature>
</Annotation>
<Annotation Id="13" Type="TEXT" StartNode="4" EndNode="71">
</Annotation>
<Annotation Id="14" Type="TIMEX3" StartNode="28" EndNode="32">
<Feature>
  <Name className="java.lang.String">type</Name>
  <Value className="java.lang.String">DURATION</Value>
</Feature>
<Feature>
  <Name className="java.lang.String">value</Name>
  <Value className="java.lang.String">PT3H</Value>
</Feature>
<Feature>
  <Name className="java.lang.String">tid</Name>
  <Value className="java.lang.String">t1</Value>
</Feature>
</Annotation>
<Annotation Id="15" Type="TIMEX3" StartNode="35" EndNode="46">
<Feature>
  <Name className="java.lang.String">type</Name>
  <Value className="java.lang.String">DURATION</Value>
</Feature>
<Feature>
  <Name className="java.lang.String">value</Name>
  <Value className="java.lang.String">PT5H</Value>
</Feature>
<Feature>
  <Name className="java.lang.String">tid</Name>
  <Value className="java.lang.String">t2</Value>
</Feature>
</Annotation>
</AnnotationSet>

</GateDocument>
