<?xml version='1.0' encoding='UTF-8'?>
<GateDocument version="3">
<!-- The document's features-->

<GateDocumentFeatures>
<Feature>
  <Name className="java.lang.String">gate.SourceURL</Name>
  <Value className="java.lang.String">file:/C:/Users/mnavas/CODE/Annotador/annotador-core/src/main/resources/rules/HOURGLASS_RESULTS/test_input_XML/90012.tml</Value>
</Feature>
<Feature>
  <Name className="java.lang.String">MimeType</Name>
  <Value className="java.lang.String">text/xml</Value>
</Feature>
</GateDocumentFeatures>
<!-- The document content area with serialized nodes -->

<TextWithNodes><Node id="0"/>



<Node id="4"/>El tiempo que tardes en llegar al centro dependerá de lo que tardes desde que sales del campus hasta que recorres la A-6; en <Node id="129"/>hora<Node id="133"/> punta hay mucho tráfico en ese tramo.
<Node id="172"/>
<Node id="173"/>
<Node id="174"/></TextWithNodes>
<!-- The default annotation set -->

<AnnotationSet>
</AnnotationSet>

<!-- Named annotation set -->

<AnnotationSet Name="Heidel">
<Annotation Id="5" Type="TimeML" StartNode="0" EndNode="174">
<Feature>
  <Name className="java.lang.String">xsi:noNamespaceSchemaLocation</Name>
  <Value className="java.lang.String">http://timeml.org/timeMLdocs/TimeML_1.2.1.xsd</Value>
</Feature>
<Feature>
  <Name className="java.lang.String">xmlns:xsi</Name>
  <Value className="java.lang.String">http://www.w3.org/2001/XMLSchema-instance</Value>
</Feature>
</Annotation>
<Annotation Id="6" Type="TEXT" StartNode="4" EndNode="173">
</Annotation>
</AnnotationSet>

<!-- Named annotation set -->

<AnnotationSet Name="Original markups">
<Annotation Id="0" Type="TimeML" StartNode="0" EndNode="174">
<Feature>
  <Name className="java.lang.String">xsi:noNamespaceSchemaLocation</Name>
  <Value className="java.lang.String">http://timeml.org/timeMLdocs/TimeML_1.2.1.xsd</Value>
</Feature>
<Feature>
  <Name className="java.lang.String">xmlns:xsi</Name>
  <Value className="java.lang.String">http://www.w3.org/2001/XMLSchema-instance</Value>
</Feature>
</Annotation>
<Annotation Id="1" Type="TEXT" StartNode="4" EndNode="172">
</Annotation>
</AnnotationSet>

<!-- Named annotation set -->

<AnnotationSet Name="Annotador">
<Annotation Id="2" Type="TimeML" StartNode="0" EndNode="174">
<Feature>
  <Name className="java.lang.String">xsi:noNamespaceSchemaLocation</Name>
  <Value className="java.lang.String">http://timeml.org/timeMLdocs/TimeML_1.2.1.xsd</Value>
</Feature>
<Feature>
  <Name className="java.lang.String">xmlns:xsi</Name>
  <Value className="java.lang.String">http://www.w3.org/2001/XMLSchema-instance</Value>
</Feature>
</Annotation>
<Annotation Id="3" Type="TEXT" StartNode="4" EndNode="172">
</Annotation>
<Annotation Id="4" Type="TIMEX3" StartNode="129" EndNode="133">
<Feature>
  <Name className="java.lang.String">type</Name>
  <Value className="java.lang.String">DURATION</Value>
</Feature>
<Feature>
  <Name className="java.lang.String">value</Name>
  <Value className="java.lang.String">PT1H</Value>
</Feature>
<Feature>
  <Name className="java.lang.String">tid</Name>
  <Value className="java.lang.String">t1</Value>
</Feature>
</Annotation>
</AnnotationSet>

<!-- Named annotation set -->

<AnnotationSet Name="SUTime">
<Annotation Id="7" Type="TimeML" StartNode="0" EndNode="174">
<Feature>
  <Name className="java.lang.String">xsi:noNamespaceSchemaLocation</Name>
  <Value className="java.lang.String">http://timeml.org/timeMLdocs/TimeML_1.2.1.xsd</Value>
</Feature>
<Feature>
  <Name className="java.lang.String">xmlns:xsi</Name>
  <Value className="java.lang.String">http://www.w3.org/2001/XMLSchema-instance</Value>
</Feature>
</Annotation>
<Annotation Id="8" Type="TEXT" StartNode="4" EndNode="172">
</Annotation>
</AnnotationSet>

<!-- Named annotation set -->

<AnnotationSet Name="Result">
<Annotation Id="9" Type="TimeML" StartNode="0" EndNode="174">
<Feature>
  <Name className="java.lang.String">xsi:noNamespaceSchemaLocation</Name>
  <Value className="java.lang.String">http://timeml.org/timeMLdocs/TimeML_1.2.1.xsd</Value>
</Feature>
<Feature>
  <Name className="java.lang.String">xmlns:xsi</Name>
  <Value className="java.lang.String">http://www.w3.org/2001/XMLSchema-instance</Value>
</Feature>
</Annotation>
<Annotation Id="10" Type="TEXT" StartNode="4" EndNode="172">
</Annotation>
</AnnotationSet>

</GateDocument>
